{"assets/images/.DS_Store":["assets/images/.DS_Store"],"packages/cupertino_icons/assets/CupertinoIcons.ttf":["packages/cupertino_icons/assets/CupertinoIcons.ttf"],"fonts/DMSans-Bold.ttf":["fonts/DMSans-Bold.ttf"],"fonts/DMSans-Medium.ttf":["fonts/DMSans-Medium.ttf"],"fonts/DMSans-Regular.ttf":["fonts/DMSans-Regular.ttf"],"fonts/OpenSans-Regular.ttf":["fonts/OpenSans-Regular.ttf"],"assets/images/bgdrawer.JPG":["assets/images/bgdrawer.JPG"],"assets/images/drawerbackground.jpeg":["assets/images/drawerbackground.jpeg"],"packages/font_awesome_flutter/lib/fonts/fa-brands-400.ttf":["packages/font_awesome_flutter/lib/fonts/fa-brands-400.ttf"],"packages/font_awesome_flutter/lib/fonts/fa-regular-400.ttf":["packages/font_awesome_flutter/lib/fonts/fa-regular-400.ttf"],"packages/font_awesome_flutter/lib/fonts/fa-solid-900.ttf":["packages/font_awesome_flutter/lib/fonts/fa-solid-900.ttf"],"assets/images/face.png":["assets/images/face.png"],"assets/images/food_img.png":["assets/images/food_img.png"],"assets/images/ic_placeholder.png":["assets/images/ic_placeholder.png"],"assets/images/logo.png":["assets/images/logo.png"],"assets/images/logo2.png":["assets/images/logo2.png"],"assets/images/user_shadow.png":["assets/images/user_shadow.png"]}